no,product_name
1,Blue Top
2,Men Tshirt
3,Sleeveless Dress
4,Stylish Dress
5,Winter Top
6,Summer White Top
7,Madame Top For Women
8,Fancy Green Top
9,Sleeves Printed Top - White
10,Half Sleeves Top Schiffli Detailing - Pink
11,Frozen Tops For Kids
12,Full Sleeves Top Cherry - Pink
13,Printed Off Shoulder Top - White
14,Sleeves Top and Short - Blue & Pink
15,Little Girls Mr. Panda Shirt
16,Sleeveless Unicorn Patch Gown - Pink
17,Cotton Mull Embroidered Dress
18,Blue Cotton Indie Mickey Dress
19,Long Maxi Tulle Fancy Dress Up Outfits -Pink
20,Sleeveless Unicorn Print Fit & Flare Net Dress - Multi
21,Colour Blocked Shirt – Sky Blue
22,Pure Cotton V-Neck T-Shirt
23,Green Side Placket Detail T-Shirt
24,Premium Polo T-Shirts
25,Pure Cotton Neon Green Tshirt
26,Soft Stretch Jeans
27,Regular Fit Straight Jeans
28,Grunt Blue Slim Fit Jeans
29,Rose Pink Embroidered Maxi Dress
30,Cotton Silk Hand Block Print Saree
31,Rust Red Linen Saree
32,Beautiful Peacock Blue Cotton Linen Saree
33,Lace Top For Women
34,GRAPHIC DESIGN MEN T SHIRT - BLUE
